v1,v2
ham,Please send me the report by evening.
ham,Let's have lunch together tomorrow.
ham,The meeting has been rescheduled to 3 PM.
ham,Your order has been delivered successfully.
spam,URGENT! Your account has won a reward.
ham,Don't forget to bring your notebook.
spam,Click here to receive your cashback.
spam,Click here to receive your cashback.
ham,Your appointment is confirmed for Monday.
ham,I'll call you after reaching home.
spam,Exclusive deal! Buy one get one free.
spam,Lowest loan interest available. Apply now.
spam,Limited time offer! Get 80% discount today.
spam,Exclusive deal! Buy one get one free.
spam,Click here to receive your cashback.
spam,Click here to receive your cashback.
ham,Can we meet tomorrow at 10 AM?
spam,Click here to receive your cashback.
spam,Exclusive deal! Buy one get one free.
spam,Claim your lottery prize immediately.
ham,Please send me the report by evening.
ham,Your order has been delivered successfully.
spam,URGENT! Your account has won a reward.
spam,Limited time offer! Get 80% discount today.
ham,The meeting has been rescheduled to 3 PM.
spam,Earn money from home without investment.
spam,Claim your lottery prize immediately.
ham,Don't forget to bring your notebook.
ham,Let's have lunch together tomorrow.
spam,URGENT! Your account has won a reward.
spam,You have been selected for a special gift.
ham,Your appointment is confirmed for Monday.
spam,Limited time offer! Get 80% discount today.
ham,Let's have lunch together tomorrow.
ham,Can we meet tomorrow at 10 AM?
ham,Your order has been delivered successfully.
spam,Congratulations! You won a free iPhone. Claim now.
spam,Limited time offer! Get 80% discount today.
ham,Your appointment is confirmed for Monday.
spam,URGENT! Your account has won a reward.
spam,URGENT! Your account has won a reward.
ham,I'll call you after reaching home.
ham,Don't forget to bring your notebook.
spam,Win cash prize worth $1000. Click here.
ham,The meeting has been rescheduled to 3 PM.
ham,Don't forget to bring your notebook.
spam,Claim your lottery prize immediately.
ham,Happy Birthday! Have a wonderful day.
spam,Click here to receive your cashback.
spam,Win cash prize worth $1000. Click here.
spam,Congratulations! You won a free iPhone. Claim now.
ham,Happy Birthday! Have a wonderful day.
spam,You have been selected for a special gift.
ham,Your order has been delivered successfully.
ham,Happy Birthday! Have a wonderful day.
spam,Lowest loan interest available. Apply now.
ham,Your appointment is confirmed for Monday.
spam,Limited time offer! Get 80% discount today.
spam,Win cash prize worth $1000. Click here.
ham,I'll call you after reaching home.
ham,Let's have lunch together tomorrow.
ham,Don't forget to bring your notebook.
spam,Exclusive deal! Buy one get one free.
ham,Your appointment is confirmed for Monday.
spam,You have been selected for a special gift.
spam,Earn money from home without investment.
ham,Your appointment is confirmed for Monday.
spam,Claim your lottery prize immediately.
spam,Lowest loan interest available. Apply now.
spam,Win cash prize worth $1000. Click here.
spam,Earn money from home without investment.
ham,Happy Birthday! Have a wonderful day.
ham,Thanks for your help yesterday.
spam,Exclusive deal! Buy one get one free.
spam,You have been selected for a special gift.
spam,Exclusive deal! Buy one get one free.
spam,Limited time offer! Get 80% discount today.
ham,The meeting has been rescheduled to 3 PM.
ham,I'll call you after reaching home.
spam,Limited time offer! Get 80% discount today.
spam,Congratulations! You won a free iPhone. Claim now.
ham,Your appointment is confirmed for Monday.
ham,Your appointment is confirmed for Monday.
spam,URGENT! Your account has won a reward.
spam,Exclusive deal! Buy one get one free.
spam,Limited time offer! Get 80% discount today.
ham,Your order has been delivered successfully.
spam,Limited time offer! Get 80% discount today.
ham,Happy Birthday! Have a wonderful day.
ham,Happy Birthday! Have a wonderful day.
spam,Claim your lottery prize immediately.
ham,Please send me the report by evening.
spam,URGENT! Your account has won a reward.
ham,Your appointment is confirmed for Monday.
ham,Your order has been delivered successfully.
spam,You have been selected for a special gift.
spam,URGENT! Your account has won a reward.
spam,Congratulations! You won a free iPhone. Claim now.
ham,Don't forget to bring your notebook.
spam,Lowest loan interest available. Apply now.
ham,Can we meet tomorrow at 10 AM?
ham,Don't forget to bring your notebook.
spam,Win cash prize worth $1000. Click here.
ham,Thanks for your help yesterday.
ham,Your appointment is confirmed for Monday.
spam,You have been selected for a special gift.
spam,Limited time offer! Get 80% discount today.
ham,Your order has been delivered successfully.
spam,URGENT! Your account has won a reward.
ham,Don't forget to bring your notebook.
spam,Win cash prize worth $1000. Click here.
ham,Please send me the report by evening.
ham,Let's have lunch together tomorrow.
spam,URGENT! Your account has won a reward.
spam,URGENT! Your account has won a reward.
spam,Earn money from home without investment.
ham,I'll call you after reaching home.
spam,Win cash prize worth $1000. Click here.
spam,Exclusive deal! Buy one get one free.
ham,Happy Birthday! Have a wonderful day.
spam,Win cash prize worth $1000. Click here.
spam,Congratulations! You won a free iPhone. Claim now.
spam,Click here to receive your cashback.
ham,Can we meet tomorrow at 10 AM?
spam,Limited time offer! Get 80% discount today.
ham,Your appointment is confirmed for Monday.
ham,Don't forget to bring your notebook.
ham,I'll call you after reaching home.
ham,Happy Birthday! Have a wonderful day.
spam,Lowest loan interest available. Apply now.
ham,Don't forget to bring your notebook.
ham,Your order has been delivered successfully.
spam,Congratulations! You won a free iPhone. Claim now.
spam,Claim your lottery prize immediately.
ham,Your order has been delivered successfully.
spam,Lowest loan interest available. Apply now.
spam,Earn money from home without investment.
spam,Limited time offer! Get 80% discount today.
spam,URGENT! Your account has won a reward.
spam,Congratulations! You won a free iPhone. Claim now.
ham,Please send me the report by evening.
ham,I'll call you after reaching home.
ham,I'll call you after reaching home.
ham,Don't forget to bring your notebook.
ham,The meeting has been rescheduled to 3 PM.
spam,Limited time offer! Get 80% discount today.
ham,Don't forget to bring your notebook.
ham,Happy Birthday! Have a wonderful day.
ham,Can we meet tomorrow at 10 AM?
ham,Happy Birthday! Have a wonderful day.
ham,Can we meet tomorrow at 10 AM?
spam,Lowest loan interest available. Apply now.
ham,Can we meet tomorrow at 10 AM?
ham,Please send me the report by evening.
spam,Congratulations! You won a free iPhone. Claim now.
spam,Win cash prize worth $1000. Click here.
ham,The meeting has been rescheduled to 3 PM.
spam,Win cash prize worth $1000. Click here.
ham,Thanks for your help yesterday.
ham,Your appointment is confirmed for Monday.
spam,Lowest loan interest available. Apply now.
spam,Claim your lottery prize immediately.
ham,Please send me the report by evening.
spam,Claim your lottery prize immediately.
spam,Lowest loan interest available. Apply now.
ham,The meeting has been rescheduled to 3 PM.
spam,Click here to receive your cashback.
spam,You have been selected for a special gift.
spam,Exclusive deal! Buy one get one free.
spam,Win cash prize worth $1000. Click here.
spam,Claim your lottery prize immediately.
spam,Click here to receive your cashback.
ham,Happy Birthday! Have a wonderful day.
spam,Earn money from home without investment.
ham,Don't forget to bring your notebook.
ham,Thanks for your help yesterday.
ham,Can we meet tomorrow at 10 AM?
spam,Lowest loan interest available. Apply now.
spam,Lowest loan interest available. Apply now.
spam,Claim your lottery prize immediately.
spam,Limited time offer! Get 80% discount today.
ham,Your order has been delivered successfully.
spam,Click here to receive your cashback.
ham,Please send me the report by evening.
spam,Win cash prize worth $1000. Click here.
ham,Let's have lunch together tomorrow.
ham,Please send me the report by evening.
ham,Please send me the report by evening.
ham,Let's have lunch together tomorrow.
ham,Please send me the report by evening.
spam,Exclusive deal! Buy one get one free.
spam,Earn money from home without investment.
ham,I'll call you after reaching home.
spam,You have been selected for a special gift.
spam,You have been selected for a special gift.
spam,Win cash prize worth $1000. Click here.
ham,Happy Birthday! Have a wonderful day.
ham,I'll call you after reaching home.
ham,Your order has been delivered successfully.
ham,Can we meet tomorrow at 10 AM?
spam,Exclusive deal! Buy one get one free.
spam,Congratulations! You won a free iPhone. Claim now.
ham,Can we meet tomorrow at 10 AM?
ham,Your appointment is confirmed for Monday.
spam,URGENT! Your account has won a reward.
spam,URGENT! Your account has won a reward.
ham,The meeting has been rescheduled to 3 PM.
ham,Thanks for your help yesterday.
spam,Exclusive deal! Buy one get one free.
ham,Thanks for your help yesterday.
spam,Earn money from home without investment.
spam,Lowest loan interest available. Apply now.
ham,I'll call you after reaching home.
ham,Thanks for your help yesterday.
ham,Your appointment is confirmed for Monday.
ham,I'll call you after reaching home.
spam,Click here to receive your cashback.
spam,Claim your lottery prize immediately.
ham,Thanks for your help yesterday.
ham,Don't forget to bring your notebook.
spam,Limited time offer! Get 80% discount today.
ham,I'll call you after reaching home.
ham,Your order has been delivered successfully.
ham,Happy Birthday! Have a wonderful day.
ham,The meeting has been rescheduled to 3 PM.
ham,Let's have lunch together tomorrow.
ham,I'll call you after reaching home.
ham,Please send me the report by evening.
ham,Don't forget to bring your notebook.
ham,Can we meet tomorrow at 10 AM?
spam,Earn money from home without investment.
spam,Win cash prize worth $1000. Click here.
ham,Can we meet tomorrow at 10 AM?
ham,I'll call you after reaching home.
ham,I'll call you after reaching home.
ham,Thanks for your help yesterday.
spam,Limited time offer! Get 80% discount today.
ham,Your order has been delivered successfully.
ham,The meeting has been rescheduled to 3 PM.
ham,Don't forget to bring your notebook.
spam,Lowest loan interest available. Apply now.
ham,Thanks for your help yesterday.
spam,Win cash prize worth $1000. Click here.
ham,Don't forget to bring your notebook.
spam,You have been selected for a special gift.
ham,Let's have lunch together tomorrow.
ham,Can we meet tomorrow at 10 AM?
ham,Can we meet tomorrow at 10 AM?
ham,Your appointment is confirmed for Monday.
ham,I'll call you after reaching home.
ham,Happy Birthday! Have a wonderful day.
spam,Limited time offer! Get 80% discount today.
spam,Earn money from home without investment.
ham,Your order has been delivered successfully.
ham,Thanks for your help yesterday.
ham,I'll call you after reaching home.
spam,Limited time offer! Get 80% discount today.
spam,You have been selected for a special gift.
ham,Your appointment is confirmed for Monday.
ham,Your order has been delivered successfully.
spam,Lowest loan interest available. Apply now.
spam,Congratulations! You won a free iPhone. Claim now.
ham,I'll call you after reaching home.
spam,Limited time offer! Get 80% discount today.
ham,Your appointment is confirmed for Monday.
spam,URGENT! Your account has won a reward.
spam,You have been selected for a special gift.
spam,Limited time offer! Get 80% discount today.
ham,Your order has been delivered successfully.
ham,Don't forget to bring your notebook.
ham,Please send me the report by evening.
spam,Limited time offer! Get 80% discount today.
spam,Win cash prize worth $1000. Click here.
ham,I'll call you after reaching home.
ham,Let's have lunch together tomorrow.
spam,URGENT! Your account has won a reward.
ham,Let's have lunch together tomorrow.
ham,Let's have lunch together tomorrow.
spam,Click here to receive your cashback.
spam,Lowest loan interest available. Apply now.
spam,Limited time offer! Get 80% discount today.
spam,Click here to receive your cashback.
spam,Claim your lottery prize immediately.
ham,I'll call you after reaching home.
spam,Limited time offer! Get 80% discount today.
ham,Let's have lunch together tomorrow.
spam,Limited time offer! Get 80% discount today.
spam,Claim your lottery prize immediately.
ham,Please send me the report by evening.
ham,Happy Birthday! Have a wonderful day.
spam,Limited time offer! Get 80% discount today.
spam,Claim your lottery prize immediately.
spam,Congratulations! You won a free iPhone. Claim now.
ham,Your order has been delivered successfully.
spam,Congratulations! You won a free iPhone. Claim now.
spam,Limited time offer! Get 80% discount today.
spam,Exclusive deal! Buy one get one free.
ham,Please send me the report by evening.
spam,Lowest loan interest available. Apply now.
ham,The meeting has been rescheduled to 3 PM.
spam,Exclusive deal! Buy one get one free.
spam,Exclusive deal! Buy one get one free.
spam,You have been selected for a special gift.
ham,Happy Birthday! Have a wonderful day.
ham,Happy Birthday! Have a wonderful day.
ham,Happy Birthday! Have a wonderful day.
spam,Lowest loan interest available. Apply now.
ham,I'll call you after reaching home.
spam,URGENT! Your account has won a reward.
spam,URGENT! Your account has won a reward.
spam,Limited time offer! Get 80% discount today.
spam,Congratulations! You won a free iPhone. Claim now.
spam,URGENT! Your account has won a reward.
spam,Exclusive deal! Buy one get one free.
ham,Thanks for your help yesterday.
spam,Click here to receive your cashback.
spam,Earn money from home without investment.
ham,Can we meet tomorrow at 10 AM?
spam,Limited time offer! Get 80% discount today.
ham,Don't forget to bring your notebook.
spam,Lowest loan interest available. Apply now.
ham,Let's have lunch together tomorrow.
ham,Please send me the report by evening.
ham,Let's have lunch together tomorrow.
spam,Claim your lottery prize immediately.
spam,Claim your lottery prize immediately.
spam,You have been selected for a special gift.
ham,Don't forget to bring your notebook.
spam,Limited time offer! Get 80% discount today.
ham,Your order has been delivered successfully.
spam,URGENT! Your account has won a reward.
spam,URGENT! Your account has won a reward.
spam,URGENT! Your account has won a reward.
spam,Earn money from home without investment.
ham,Your appointment is confirmed for Monday.
spam,Exclusive deal! Buy one get one free.
ham,Your order has been delivered successfully.
ham,Don't forget to bring your notebook.
ham,Please send me the report by evening.
spam,Congratulations! You won a free iPhone. Claim now.
spam,Limited time offer! Get 80% discount today.
ham,Your appointment is confirmed for Monday.
ham,The meeting has been rescheduled to 3 PM.
spam,Claim your lottery prize immediately.
spam,Win cash prize worth $1000. Click here.
spam,URGENT! Your account has won a reward.
spam,Lowest loan interest available. Apply now.
ham,Your appointment is confirmed for Monday.
ham,Can we meet tomorrow at 10 AM?
spam,You have been selected for a special gift.
ham,Can we meet tomorrow at 10 AM?
spam,URGENT! Your account has won a reward.
ham,I'll call you after reaching home.
spam,Earn money from home without investment.
ham,Please send me the report by evening.
ham,Let's have lunch together tomorrow.
spam,Congratulations! You won a free iPhone. Claim now.
ham,The meeting has been rescheduled to 3 PM.
ham,The meeting has been rescheduled to 3 PM.
ham,The meeting has been rescheduled to 3 PM.
ham,Can we meet tomorrow at 10 AM?
spam,Click here to receive your cashback.
ham,Thanks for your help yesterday.
spam,Lowest loan interest available. Apply now.
spam,Lowest loan interest available. Apply now.
spam,URGENT! Your account has won a reward.
spam,URGENT! Your account has won a reward.
spam,Click here to receive your cashback.
ham,Please send me the report by evening.
spam,Earn money from home without investment.
ham,Please send me the report by evening.
ham,Your order has been delivered successfully.
spam,Congratulations! You won a free iPhone. Claim now.
spam,Click here to receive your cashback.
spam,Earn money from home without investment.
spam,Exclusive deal! Buy one get one free.
ham,Can we meet tomorrow at 10 AM?
spam,You have been selected for a special gift.
ham,Don't forget to bring your notebook.
spam,Lowest loan interest available. Apply now.
spam,URGENT! Your account has won a reward.
ham,The meeting has been rescheduled to 3 PM.
spam,Win cash prize worth $1000. Click here.
spam,URGENT! Your account has won a reward.
ham,Your appointment is confirmed for Monday.
spam,Earn money from home without investment.
ham,Let's have lunch together tomorrow.
ham,Don't forget to bring your notebook.
spam,Earn money from home without investment.
spam,You have been selected for a special gift.
spam,Exclusive deal! Buy one get one free.
spam,Click here to receive your cashback.
ham,Your order has been delivered successfully.
spam,URGENT! Your account has won a reward.
ham,Can we meet tomorrow at 10 AM?
spam,Exclusive deal! Buy one get one free.
ham,Your order has been delivered successfully.
spam,Click here to receive your cashback.
ham,Your appointment is confirmed for Monday.
spam,Claim your lottery prize immediately.
spam,Earn money from home without investment.
spam,Lowest loan interest available. Apply now.
spam,Earn money from home without investment.
ham,Can we meet tomorrow at 10 AM?
spam,Limited time offer! Get 80% discount today.
ham,Thanks for your help yesterday.
ham,I'll call you after reaching home.
ham,The meeting has been rescheduled to 3 PM.
spam,Win cash prize worth $1000. Click here.
ham,Don't forget to bring your notebook.
spam,Exclusive deal! Buy one get one free.
ham,I'll call you after reaching home.
spam,Claim your lottery prize immediately.
spam,Congratulations! You won a free iPhone. Claim now.
ham,The meeting has been rescheduled to 3 PM.
ham,Don't forget to bring your notebook.
spam,URGENT! Your account has won a reward.
spam,Congratulations! You won a free iPhone. Claim now.
ham,Can we meet tomorrow at 10 AM?
spam,You have been selected for a special gift.
ham,Let's have lunch together tomorrow.
ham,The meeting has been rescheduled to 3 PM.
ham,Let's have lunch together tomorrow.
ham,Your appointment is confirmed for Monday.
spam,Earn money from home without investment.
ham,I'll call you after reaching home.
spam,Congratulations! You won a free iPhone. Claim now.
ham,I'll call you after reaching home.
ham,Happy Birthday! Have a wonderful day.
ham,Happy Birthday! Have a wonderful day.
ham,Don't forget to bring your notebook.
ham,Please send me the report by evening.
ham,Your appointment is confirmed for Monday.
spam,Claim your lottery prize immediately.
ham,Please send me the report by evening.
spam,Earn money from home without investment.
ham,The meeting has been rescheduled to 3 PM.
spam,Lowest loan interest available. Apply now.
ham,Don't forget to bring your notebook.
spam,Click here to receive your cashback.
spam,Lowest loan interest available. Apply now.
ham,Your appointment is confirmed for Monday.
ham,Let's have lunch together tomorrow.
ham,Happy Birthday! Have a wonderful day.
spam,URGENT! Your account has won a reward.
spam,You have been selected for a special gift.
spam,URGENT! Your account has won a reward.
ham,I'll call you after reaching home.
spam,URGENT! Your account has won a reward.
ham,Let's have lunch together tomorrow.
ham,Your appointment is confirmed for Monday.
ham,Your appointment is confirmed for Monday.
spam,Exclusive deal! Buy one get one free.
ham,Your appointment is confirmed for Monday.
ham,Your appointment is confirmed for Monday.
ham,Happy Birthday! Have a wonderful day.
spam,You have been selected for a special gift.
spam,Congratulations! You won a free iPhone. Claim now.
ham,Let's have lunch together tomorrow.
spam,URGENT! Your account has won a reward.
ham,The meeting has been rescheduled to 3 PM.
ham,Can we meet tomorrow at 10 AM?
spam,Win cash prize worth $1000. Click here.
ham,Let's have lunch together tomorrow.
ham,Your order has been delivered successfully.
ham,Let's have lunch together tomorrow.
spam,Lowest loan interest available. Apply now.
spam,Limited time offer! Get 80% discount today.
spam,Earn money from home without investment.
ham,Let's have lunch together tomorrow.
ham,Can we meet tomorrow at 10 AM?
ham,Let's have lunch together tomorrow.
spam,You have been selected for a special gift.
spam,Lowest loan interest available. Apply now.
spam,URGENT! Your account has won a reward.
spam,Congratulations! You won a free iPhone. Claim now.
spam,URGENT! Your account has won a reward.
spam,Lowest loan interest available. Apply now.
ham,Please send me the report by evening.
spam,Limited time offer! Get 80% discount today.
spam,Limited time offer! Get 80% discount today.
ham,Your appointment is confirmed for Monday.
spam,Limited time offer! Get 80% discount today.
ham,Don't forget to bring your notebook.
ham,The meeting has been rescheduled to 3 PM.
spam,Earn money from home without investment.
spam,Win cash prize worth $1000. Click here.
ham,Thanks for your help yesterday.
ham,Please send me the report by evening.
ham,Your appointment is confirmed for Monday.
ham,Can we meet tomorrow at 10 AM?
spam,Lowest loan interest available. Apply now.
spam,Congratulations! You won a free iPhone. Claim now.
ham,Thanks for your help yesterday.
spam,Claim your lottery prize immediately.
ham,Can we meet tomorrow at 10 AM?
ham,The meeting has been rescheduled to 3 PM.
ham,Your order has been delivered successfully.
ham,The meeting has been rescheduled to 3 PM.
ham,Happy Birthday! Have a wonderful day.
